5,,,,,,,,,,,,,,,,,,,
Caleb,Maurice,Erick,Humberto,Leroy,Antonia,Raul,Long,Shannon,Laverne,Jerilyn,Gia,Roseline,Rhea,Lisha,Mabelle,Hiedi,Jonell,Catherina,Marielle
Humberto,Jonell,Antonia,,,,,,,,,,,,,,,,,
Catherina,Mabelle,Roseline,,,,,,,,,,,,,,,,,
Long,Shannon,Jerilyn,,,,,,,,,,,,,,,,,
Caleb,Jonell,Antonia,,,,,,,,,,,,,,,,,
Laverne,Gia,Raul,,,,,,,,,,,,,,,,,
Humberto,Caleb,Jonell,,,,,,,,,,,,,,,,,
Leroy,Laverne,Gia,,,,,,,,,,,,,,,,,
Shannon,Jerilyn,Erick,,,,,,,,,,,,,,,,,
Jerilyn,Erick,Long,,,,,,,,,,,,,,,,,
Gia,Raul,Leroy,,,,,,,,,,,,,,,,,
Erick,Long,Shannon,,,,,,,,,,,,,,,,,
Raul,Leroy,Laverne,,,,,,,,,,,,,,,,,
Maurice,Catherina,Mabelle,,,,,,,,,,,,,,,,,
Marielle,Hiedi,Lisha,,,,,,,,,,,,,,,,,
Rhea,Marielle,Hiedi,,,,,,,,,,,,,,,,,
Roseline,Maurice,Catherina,,,,,,,,,,,,,,,,,
Lisha,Rhea,Marielle,,,,,,,,,,,,,,,,,
Humberto,Caleb,Antonia,,,,,,,,,,,,,,,,,
Mabelle,Roseline,Maurice,,,,,,,,,,,,,,,,,
Hiedi,Lisha,Rhea,,,,,,,,,,,,,,,,,